time,latitude,longitude,depth_km,mag,event_id,r_km
2023-01-01 19:02:43+00:00,56.855,-158.0776666667,6.73,0.51,av91082823,9.80374075043998
2023-01-01 19:05:52+00:00,56.8133333333,-158.0935,10.62,0.82,av91082833,12.476595848561047
2023-01-02 08:43:42+00:00,56.857,-158.0753333333,6.81,0.39,av91082573,9.79479134888361
2023-01-02 21:22:46+00:00,56.8681666667,-158.191,-3.2,1.31,av91082713,4.332020871287554
2023-01-04 07:17:23+00:00,56.8498333333,-158.0643333333,6.37,1.08,av91083133,10.800137081898475
2023-01-04 11:34:36+00:00,56.9095,-158.122,5.86,0.61,av91083143,5.316259874202907
2023-01-11 20:50:52+00:00,56.8755,-158.1893333333,0.84,0.0,av91084083,3.580741502069515
2023-01-20 09:26:30+00:00,56.8823333333,-158.1618333333,5.89,1.72,av91085128,3.8848315752989406
2023-01-27 06:11:02+00:00,56.8716666667,-158.2071666667,2.4,0.07,av91085858,3.802657961445066
2023-01-31 08:23:45+00:00,56.8991666667,-158.0288333333,2.8,0.68,av91086258,11.00256540670095
2023-01-31 09:00:01+00:00,56.8781666667,-158.1811666667,2.99,0.43,av91086268,3.513807554985589
2023-01-31 11:36:29+00:00,56.9198333333,-158.026,2.72,-0.08,av91086303,11.25630548133945
2023-01-31 11:39:51+00:00,56.9171666667,-158.0651666667,4.82,0.88,av91086308,8.852764398780467
2023-01-31 13:44:46+00:00,56.9385,-158.0901666667,6.75,-0.59,av91086323,8.101339588479913
2023-02-01 01:44:07+00:00,56.8626666667,-158.2325,0.25,-0.02,av91086378,5.012317515874491
2023-02-01 04:44:27+00:00,56.8648333333,-158.2028333333,2.23,0.81,av91086388,4.5774204515784085
2023-02-01 07:13:58+00:00,56.8491666667,-158.043,12.33,0.28,av91086418,11.925328843438669
2023-02-01 08:57:44+00:00,56.9093333333,-158.089,2.32,0.4,av91086443,7.321312606313002
2023-02-01 12:39:27+00:00,56.8461666667,-158.1846666667,3.27,0.42,av91086463,6.8043603367846375
2023-02-01 12:41:44+00:00,56.8703333333,-158.1938333333,3.42,0.05,av91086478,4.056247977357905
2023-02-01 14:55:36+00:00,56.9216666667,-158.058,5.39,0.17,av91086493,9.365991070127912
2023-02-01 17:22:08+00:00,56.8775,-158.1678333333,3.28,-0.32,av91086508,4.028257764413569
2023-02-01 17:43:04+00:00,56.9085,-158.0383333333,2.16,0.5,av91086543,10.4019462920268
2023-02-01 19:07:21+00:00,56.8626666667,-158.1761666667,4.13,1.09,av91086558,5.203578496956912
2023-02-02 00:42:26+00:00,56.8741666667,-158.1825,1.93,0.19,av91086598,3.875277172424963
2023-02-02 01:46:13+00:00,56.8953333333,-158.0551666667,3.2,-0.25,av91086613,9.445890319023283
2023-02-02 05:16:38+00:00,56.852,-158.1755,3.13,0.28,av91086683,6.329638318411185
2023-02-02 09:11:00+00:00,56.891,-158.164,8.19,-0.29,av91086703,3.1993549450004233
2023-02-02 11:37:47+00:00,56.9135,-158.0358333333,1.09,-0.21,av91086718,10.583994070478685
2023-02-02 15:25:14+00:00,56.9086666667,-158.0253333333,2.88,0.07,av91086778,11.194131989845296
2023-02-02 15:26:58+00:00,56.9123333333,-158.0276666667,-1.38,-0.11,av91086783,11.070815413998007
2023-02-02 22:47:42+00:00,56.9031666667,-158.0048333333,-2.18,0.58,av91086918,12.442876209454457
2023-02-04 11:16:53+00:00,56.8878333333,-158.1853333333,-3.16,1.01,av91087283,2.4663789107494725
2023-02-04 12:24:26+00:00,56.873,-158.1986666667,-2.62,0.67,av91087293,3.706445706357112
2023-02-04 13:33:36+00:00,56.845,-158.014,6.46,1.87,av91087298,13.682682619172581
2023-02-07 02:41:45+00:00,56.9315,-158.023,4.12,0.54,av91087483,11.684192268660626
2023-02-07 19:19:49+00:00,56.8748333333,-158.2,3.1,0.29,av91087638,3.4917420532884678
2023-02-07 20:15:29+00:00,56.8901666667,-158.1026666667,3.85,1.1,av91087648,6.709565876051612
2023-02-07 21:15:34+00:00,56.8525,-158.2175,-0.02,0.98,av91087663,5.957947394583958
2023-02-08 01:02:56+00:00,56.904,-158.0086666667,-2.03,0.96,av91087693,12.207373828662687
2023-02-08 01:09:09+00:00,56.8765,-158.2083333333,3.92,0.74,av91087698,3.2630401691435673
2023-02-08 02:38:34+00:00,56.9078333333,-158.038,2.13,0.7,av91087733,10.420460967983415
2023-02-08 07:35:13+00:00,56.9136666667,-158.0638333333,3.44,0.56,av91087798,8.886724910882236
2023-02-08 08:02:47+00:00,56.8715,-158.1636666667,3.21,0.94,av91087803,4.714295879485753
2023-02-08 12:45:01+00:00,56.9131666667,-158.0183333333,-2.12,1.08,av91087858,11.644275920312436
2023-02-08 12:55:31+00:00,56.909,-157.9966666667,-1.52,1.28,av91087838,12.940895474638646
2023-02-08 14:45:24+00:00,56.9225,-158.0068333333,-2.27,0.34,av91087883,12.454012836925566
2023-02-08 15:30:55+00:00,56.8663333333,-158.1898333333,4.09,-0.56,av91087913,4.5475710125568245
2023-02-08 16:22:54+00:00,56.9126666667,-158.0385,3.01,0.26,av91087923,10.414975991002091
2023-02-08 16:52:39+00:00,56.8831666667,-158.0738333333,1.15,0.29,av91087938,8.614556290059086
2023-02-08 16:58:40+00:00,56.8775,-158.0166666667,-0.91,0.81,av91087948,12.13868083068096
2023-02-08 17:01:19+00:00,56.9121666667,-158.0381666667,0.86,-0.13,av91087958,10.43136516489638
2023-02-08 17:02:39+00:00,56.8555,-158.1738333333,0.3,0.16,av91087963,5.997599071673965
2023-02-08 17:38:52+00:00,56.9123333333,-158.064,2.09,-0.04,av91087973,8.863356729359335
2023-02-08 19:17:27+00:00,56.866,-158.1315,2.02,1.1,av91088018,6.477770528818524
2023-02-08 19:46:32+00:00,56.9148333333,-158.0443333333,2.37,-0.19,av91088008,10.081522212404057
2023-02-08 19:47:38+00:00,56.8938333333,-158.0963333333,5.52,-0.32,av91088023,6.993519784629221
2023-02-08 21:26:12+00:00,56.9231666667,-157.9986666667,-2.01,0.82,av91088043,12.956856246997136
2023-02-08 21:27:56+00:00,56.9183333333,-158.0728333333,3.2,-0.65,av91088048,8.411254536075306
2023-02-08 22:10:32+00:00,56.9148333333,-158.059,3.67,1.15,av91088053,9.192945588255624
2023-02-08 23:22:09+00:00,56.8851666667,-158.0158333333,-0.91,0.7,av91088063,11.994182534930351
2023-02-09 01:26:43+00:00,56.9198333333,-158.066,4.39,0.47,av91088073,8.849801219721355
2023-02-09 01:42:32+00:00,56.9193333333,-158.027,-2.73,0.9,av91088078,11.18842200481822
2023-02-09 02:15:28+00:00,56.9235,-158.0168333333,2.45,0.24,av91088088,11.869899425737913
2023-02-09 04:21:25+00:00,56.8875,-158.1686666667,5.02,-0.34,av91756981,3.192849245374322
2023-02-09 05:41:57+00:00,56.9143333333,-158.0378333333,0.89,0.24,av91088153,10.470458663736022
2023-02-09 05:42:18+00:00,56.912,-158.0676666667,2.42,-0.59,av91088158,8.63774757151286
2023-02-09 05:42:51+00:00,56.9116666667,-158.05,1.91,0.88,av91088163,9.708422957371344
2023-02-09 07:05:56+00:00,56.9166666667,-158.0273333333,1.0,0.3,av91088188,11.132512819769987
2023-02-09 07:19:38+00:00,56.8628333333,-158.2116666667,0.63,0.1,av91088193,4.78743428807934
2023-02-09 07:27:44+00:00,56.8573333333,-158.2033333333,1.64,1.16,av91088198,5.408184406142847
2023-02-09 08:54:27+00:00,56.9148333333,-157.9763333333,4.76,1.01,av91088208,14.209302117095058
2023-02-09 13:47:34+00:00,56.9166666667,-158.0536666667,3.64,1.27,av91088273,9.539470293449813
2023-02-09 13:59:00+00:00,56.867,-158.1946666667,1.33,0.64,av91088278,4.408140026150767
2023-02-09 14:09:37+00:00,56.8736666667,-158.1888333333,2.06,0.47,av91088283,3.7835372121662325
2023-02-09 14:18:07+00:00,56.8973333333,-158.0143333333,0.82,0.86,av91088288,11.898943446312627
2023-02-09 14:19:45+00:00,56.8611666667,-158.1653333333,2.47,0.29,av91088293,5.638249029345057
2023-02-09 16:33:22+00:00,56.87,-158.1685,3.1,0.32,av91088333,4.689072155315312
2023-02-09 16:36:15+00:00,56.8548333333,-158.184,1.53,0.42,av91757371,5.876630448618268
2023-02-09 19:15:11+00:00,56.912,-158.0275,0.96,0.23,av91088358,11.078620804526555
2023-02-09 19:34:02+00:00,56.9076666667,-158.0946666667,4.18,-0.52,av91088378,6.968759168189189
2023-02-09 19:36:47+00:00,56.9095,-158.0351666667,2.72,-0.42,av91088388,10.598394607631734
2023-02-09 19:38:11+00:00,56.9116666667,-158.0146666667,1.95,0.2,av91088393,11.856964397278318
2023-02-09 21:03:14+00:00,56.9316666667,-158.1386666667,5.21,0.41,av91088408,5.162028165311233
2023-02-09 21:04:11+00:00,56.9185,-158.0286666667,2.43,-0.02,av91088413,11.075721193956408
2023-02-09 22:33:36+00:00,56.9246666667,-158.0245,4.0,-0.27,av91088418,11.43264802276617
2023-02-10 00:26:37+00:00,56.926,-158.0068333333,1.71,0.09,av91088433,12.51757936883887
2023-02-10 00:27:52+00:00,56.8796666667,-158.2028333333,3.08,0.13,av91088438,2.9343234868084163
2023-02-10 01:43:16+00:00,56.8758333333,-158.2,3.04,-0.41,av91088458,3.3818112626801113
2023-02-15 02:14:01+00:00,56.9071666667,-158.0008333333,-2.78,1.18,av91088978,12.683366392237343
2023-02-15 03:24:01+00:00,56.9095,-158.0708333333,4.61,-0.2,av91088983,8.42755458905332
2023-02-15 07:31:31+00:00,56.9113333333,-158.081,-3.2,2.04,av91762136,7.822212753436943
2023-02-15 12:12:03+00:00,56.9075,-158.0698333333,-0.42,1.28,av91089003,8.480738929564918
2023-02-15 15:26:09+00:00,56.8645,-158.1713333333,2.55,0.93,av91089013,5.140402651056326
2023-02-16 20:01:26+00:00,56.866,-158.159,6.25,0.1,av91089153,5.378912460720208
2023-02-17 11:38:42+00:00,56.8965,-158.0518333333,5.5,2.02,av91764356,9.632503604787047
2023-02-17 14:55:03+00:00,56.8576666667,-158.0386666667,6.69,2.66,av91089323,11.68607254115808
2023-02-17 15:22:07+00:00,56.9196666667,-158.083,5.85,0.72,av91089353,7.82900247701968
2023-02-17 18:06:12+00:00,56.9533333333,-158.1471666667,6.8,0.54,av91089368,6.495574544313928
2023-02-17 23:40:30+00:00,56.8845,-158.0991666667,5.22,0.2,av91089393,7.101402729773047
2023-02-17 23:41:12+00:00,56.8826666667,-158.0956666667,4.86,3.26,av91765086,7.371797672689112
2023-02-18 00:23:58+00:00,56.9178333333,-158.005,-1.03,1.74,av91089518,12.498868855509642
2023-02-18 03:10:44+00:00,56.92,-158.0761666667,4.62,0.81,av91089533,8.244486234619062
2023-02-18 15:34:33+00:00,56.8735,-158.172,2.14,0.45,av91089548,4.245400732370875
2023-02-19 01:39:56+00:00,56.8805,-158.1775,3.16,1.02,av91766346,3.4092747886952424
2023-02-19 04:33:18+00:00,56.9236666667,-158.0068333333,-2.45,1.44,av91089818,12.473884613842735
2023-02-19 05:46:13+00:00,56.8713333333,-158.0973333333,4.88,0.27,av91766511,7.814068486456972
2023-02-19 11:05:18+00:00,56.907,-158.0593333333,2.92,-0.26,av91766711,9.119370265260542
2023-02-19 11:32:18+00:00,56.9081666667,-158.0378333333,1.12,0.34,av91766731,10.431437930514722
2023-02-19 14:01:32+00:00,56.8785,-158.1673333333,2.43,1.76,av91766841,3.961195448881949
2023-02-19 17:02:29+00:00,56.8635,-158.1973333333,5.13,0.07,av91766981,4.76382271462631
2023-02-19 17:14:38+00:00,56.9131666667,-158.0266666667,0.56,-0.23,av91766991,11.13793141481931
2023-02-19 18:25:29+00:00,56.9136666667,-158.0295,-3.06,1.05,av91089823,10.970035015583468
2023-02-19 19:59:18+00:00,56.9096666667,-158.0441666667,-2.72,0.85,av91089813,10.051284000238438
2023-02-19 22:47:56+00:00,56.9136666667,-158.0458333333,-3.18,1.13,av91089833,9.978515427847373
2023-02-19 23:08:49+00:00,56.91,-158.0793333333,3.24,1.32,av91767266,7.91341497652233
2023-02-20 00:44:01+00:00,56.912,-158.009,-2.48,0.79,av91089623,12.203662287004112
2023-02-20 01:03:44+00:00,56.9126666667,-158.0218333333,-2.49,0.45,av91089633,11.427812387275685
2023-02-20 01:31:17+00:00,56.9163333333,-158.0578333333,4.28,0.06,av91089638,9.28303406561363
2023-02-20 01:38:13+00:00,56.9171666667,-158.0171666667,-2.72,0.53,av91089643,11.754144136533153
2023-02-20 04:51:54+00:00,56.9295,-158.025,4.25,0.51,av91767501,11.513337251755567
2023-02-20 05:01:45+00:00,56.8696666667,-158.1181666667,3.29,-0.23,av91089688,6.844415040102607
2023-02-20 06:19:08+00:00,56.8638333333,-158.118,7.54,-0.46,av91089723,7.253473851655108
2023-02-20 07:38:52+00:00,56.916,-158.0136666667,-2.59,-0.26,av91089748,11.953273708773601
2023-02-20 09:09:04+00:00,56.9358333333,-158.0128333333,5.02,0.19,av91089763,12.40608718827213
2023-02-20 10:24:43+00:00,56.9043333333,-158.0131666667,-2.45,0.35,av91089778,11.932620981187906
2023-02-20 11:48:38+00:00,56.9108333333,-158.069,3.48,0.03,av91767861,8.54741351231911
2023-02-20 11:53:14+00:00,56.9205,-158.0185,1.14,-0.33,av91089793,11.71894619421598
2023-02-20 13:45:18+00:00,56.8736666667,-158.2036666667,3.47,0.02,av91089978,3.5930361546171965
2023-02-20 14:29:48+00:00,56.9185,-158.0178333333,-3.14,0.86,av91767991,11.730537188737461
2023-02-20 15:15:26+00:00,56.9176666667,-158.026,-3.11,0.72,av91768051,11.225672669968148
2023-02-20 15:38:02+00:00,56.9105,-158.0781666667,3.35,-0.18,av91768096,7.987769525056718
2023-02-20 16:36:23+00:00,56.894,-158.0421666667,3.64,0.25,av91768186,10.250600928570424
2023-02-20 16:54:43+00:00,56.9216666667,-157.9898333333,4.75,0.04,av91090023,13.466451281864968
2023-02-20 18:48:51+00:00,56.866,-158.1288333333,2.02,1.3,av91090043,6.597259502085444
2023-02-20 19:07:04+00:00,56.8651666667,-158.1885,-1.23,0.51,av91090053,4.694231241508439
2023-02-20 22:21:21+00:00,56.8916666667,-158.1403333333,5.2,-0.13,av91090073,4.470551675981698
2023-02-20 23:03:57+00:00,56.916,-158.0011666667,-1.35,0.36,av91090083,12.71149996941043
2023-02-21 03:20:24+00:00,56.9125,-158.0751666667,3.92,0.34,av91768726,8.187218548478727
2023-02-21 12:56:46+00:00,56.9011666667,-158.0785,4.0,0.34,av91769256,7.968011292872302
2023-02-21 14:33:56+00:00,56.849,-158.1988333333,2.33,0.27,av91769316,6.355418565732108
2023-02-21 17:02:25+00:00,56.8586666667,-158.1443333333,4.25,-0.09,av91769471,6.56433506339495
2023-02-21 23:11:46+00:00,56.9226666667,-158.0141666667,-3.13,1.91,av91089658,12.015379373346569
2023-02-21 23:57:16+00:00,56.9093333333,-158.0238333333,-2.22,1.99,av91089663,11.287723466737965
2023-02-22 04:03:37+00:00,56.902,-158.0446666667,-1.46,0.65,av91089843,10.021559362026773
2023-02-22 06:31:34+00:00,56.916,-158.0555,1.99,0.77,av91089848,9.419544920252594
2023-02-22 06:32:50+00:00,56.879,-158.1083333333,6.37,-0.23,av91089853,6.82271636232324
2023-02-22 06:34:19+00:00,56.9143333333,-158.048,3.09,0.79,av91089858,9.853835198460493
2023-02-22 07:28:06+00:00,56.9195,-158.072,4.12,-0.39,av91089863,8.483587529026337
2023-02-22 07:28:18+00:00,56.9233333333,-158.034,2.55,-0.6,av91089868,10.836829146117191
2023-02-22 08:01:00+00:00,56.9106666667,-158.0448333333,3.24,-0.1,av91089873,10.015980699446315
2023-02-22 08:35:42+00:00,56.9166666667,-158.0366666667,-2.14,1.41,av91089883,10.567506039116584
2023-02-22 08:36:27+00:00,56.9128333333,-158.0543333333,3.0,0.77,av91089888,9.454775963019191
2023-02-22 09:38:21+00:00,56.8628333333,-158.1855,0.63,0.87,av91770201,4.994534053209113
2023-02-22 09:44:19+00:00,56.8766666667,-158.168,2.43,1.06,av91089893,4.0950742063710175
2023-02-22 11:04:48+00:00,56.909,-158.0901666667,3.13,0.72,av91090113,7.248452344462159
2023-02-22 14:39:03+00:00,56.8891666667,-158.1563333333,5.4,-0.11,av91089903,3.7056050698851983
2023-02-22 14:59:41+00:00,56.8871666667,-158.1551666667,9.03,-0.6,av91089908,3.881771741508174
2023-02-22 15:55:00+00:00,56.893,-158.0403333333,3.99,0.06,av91089913,10.376249969480932
2023-02-22 16:31:32+00:00,56.8518333333,-158.1513333333,3.45,0.59,av91089918,6.962540700992852
2023-02-22 17:31:48+00:00,56.9135,-158.0521666667,4.0,0.6,av91089933,9.592587631430954
2023-02-22 17:55:59+00:00,56.9095,-158.073,2.52,-0.03,av91090123,8.295715962217631
2023-02-22 18:38:13+00:00,56.9075,-158.0656666667,0.76,-0.45,av91090128,8.734528490330735
2023-02-22 18:47:41+00:00,56.9093333333,-158.0583333333,2.77,0.79,av91090133,9.18745878123151
2023-02-22 18:55:19+00:00,56.9095,-158.0735,3.03,-0.6,av91090138,8.265292390832707
2023-02-22 19:11:56+00:00,56.9143333333,-158.0336666667,-1.97,0.11,av91090143,10.723263624876367
2023-02-23 17:07:32+00:00,56.8831666667,-158.1736666667,4.8,1.48,av91090293,3.31502269752167
2023-02-23 19:01:17+00:00,56.9108333333,-158.0131666667,1.46,-0.04,av91090228,11.943626012727886
2023-02-23 19:07:11+00:00,56.9148333333,-158.005,-1.03,1.14,av91090248,12.467974422591672
2023-02-23 19:07:22+00:00,56.9261666667,-158.005,-2.54,1.07,av91090253,12.630736415424693
2023-02-23 19:55:45+00:00,56.9248333333,-158.0233333333,1.9,0.1,av91090288,11.505886839722674
2023-02-23 20:36:47+00:00,56.8353333333,-157.9158333333,19.03,0.5,av91090068,19.524447398317186
2023-02-23 22:31:21+00:00,56.935,-158.0126666667,2.43,0.35,av91090353,12.391315497071485
2023-02-23 22:31:30+00:00,56.9278333333,-158.019,4.47,0.89,av91090348,11.82970793608968
2023-02-24 06:27:41+00:00,56.917,-158.0171666667,2.92,2.64,av91771826,11.752185862231261
2023-02-24 09:31:44+00:00,56.9005,-158.0006666667,-3.13,-0.16,av91090243,12.707451345825001
2023-02-24 18:16:13+00:00,56.9211666667,-158.0338333333,-3.16,1.5,av91772371,10.806295848664329
2023-02-24 18:33:06+00:00,56.921,-158.0138333333,2.31,1.14,av91090433,12.008131631833779
2023-02-24 23:19:34+00:00,56.8586666667,-158.1848333333,4.2,0.32,av91090483,5.451519282928491
2023-02-25 00:05:04+00:00,56.9075,-158.1408333333,6.5,1.68,av91090498,4.157316519691312
2023-02-25 02:45:07+00:00,56.8635,-158.1438333333,0.59,0.38,av91772906,6.161937222375742
2023-02-25 03:20:23+00:00,56.872,-158.1946666667,2.31,-0.15,av91090523,3.8639619263655116
2023-02-25 04:13:53+00:00,56.8588333333,-158.1905,3.39,0.31,av91772946,5.350325408614081
2023-02-25 05:24:30+00:00,56.9163333333,-158.0208333333,1.92,0.92,av91090528,11.522418775750303
2023-02-25 07:27:34+00:00,56.9241666667,-158.067,6.08,1.08,av91090558,8.8878493477666
2023-02-25 07:30:23+00:00,56.9131666667,-158.032,3.95,1.16,av91090563,10.813935812604306
2023-02-25 07:36:11+00:00,56.908,-158.0316666667,-1.4,1.21,av91090573,10.806605543320963
2023-02-25 07:50:09+00:00,56.9076666667,-158.0291666667,0.85,1.47,av91090588,10.958158286234891
2023-02-25 08:04:16+00:00,56.9206666667,-158.013,-2.74,1.74,av91090608,12.053286180572963
2023-02-25 09:09:11+00:00,56.9108333333,-158.0028333333,-0.33,2.05,av91090623,12.572489175075415
2023-02-25 09:18:00+00:00,56.9135,-158.0088333333,-2.1,1.75,av91773151,12.224135502593729
2023-02-25 10:39:39+00:00,56.8941666667,-158.037,3.26,0.95,av91090668,10.560596546272077
2023-02-25 10:50:51+00:00,56.9151666667,-158.0621666667,3.19,1.16,av91090673,9.005405173607794
2023-02-25 11:44:19+00:00,56.8633333333,-158.1213333333,2.65,1.43,av91090678,7.136079503629459
2023-02-25 11:49:05+00:00,56.9186666667,-158.0193333333,3.31,0.79,av91090688,11.642080063386057
2023-02-25 14:24:05+00:00,56.8555,-158.0305,8.64,0.86,av91090703,12.239443995405548
2023-02-25 15:39:15+00:00,56.8645,-158.1848333333,1.92,1.44,av91090713,4.829263117440519
2023-02-25 19:46:19+00:00,56.9046666667,-158.0411666667,-3.2,1.74,av91774016,10.226286279732783
2023-02-25 21:07:24+00:00,56.909,-158.177,5.56,0.71,av91090843,1.9818372774106099
2023-02-26 03:22:26+00:00,56.9133333333,-158.0115,-2.19,1.6,av91090878,12.06081110504256
2023-02-26 06:09:13+00:00,56.8983333333,-158.0335,3.04,0.86,av91090883,10.72579257848872
2023-02-26 09:41:02+00:00,56.9171666667,-158.0053333333,-2.02,0.85,av91090898,12.471037163024306
2023-02-26 10:26:03+00:00,56.9231666667,-157.996,-2.05,0.2,av91090918,13.117489636015934
2023-02-26 11:03:48+00:00,56.8738333333,-158.1945,2.0,0.89,av91090923,3.6678135262029286
2023-02-26 11:08:12+00:00,56.9096666667,-158.0175,-2.04,0.93,av91090943,11.674598769210574
2023-02-26 12:31:25+00:00,56.916,-157.9898333333,4.3,1.35,av91090958,13.399275960320182
2023-02-26 15:26:17+00:00,56.9255,-158.0053333333,-3.2,2.95,av91774886,12.597732896640862
2023-02-26 15:48:16+00:00,56.8526666667,-158.1738333333,4.43,1.09,av91090973,6.293301488313963
2023-02-26 16:00:11+00:00,56.8593333333,-158.1478333333,4.49,0.97,av91090983,6.378056073558293
2023-02-26 16:19:19+00:00,56.876,-158.2426666667,2.7,0.52,av91090998,3.9016456770521644
2023-02-26 17:32:55+00:00,56.852,-158.1761666667,5.61,0.59,av91091003,6.3166395538891855
2023-02-26 19:25:11+00:00,56.8615,-158.1191666667,1.69,1.03,av91091013,7.3706745470175905
2023-02-26 19:50:27+00:00,56.8663333333,-158.1148333333,4.78,0.78,av91091018,7.229461871307593
2023-02-26 20:50:38+00:00,56.8663333333,-158.191,2.12,0.9,av91091023,4.529821049667897
2023-02-26 21:15:32+00:00,56.9178333333,-158.0298333333,1.69,0.96,av91091028,10.99604167814237
2023-02-26 22:59:13+00:00,56.8668333333,-158.2373333333,3.87,0.42,av91091038,4.670331652927708
2023-02-26 23:54:08+00:00,56.8733333333,-158.1906666667,2.48,0.95,av91091048,3.784172885677132
2023-02-27 03:52:58+00:00,56.8766666667,-158.1381666667,3.42,0.87,av91091523,5.400335945037456
2023-02-27 04:18:15+00:00,56.9066666667,-158.0483333333,-2.23,0.82,av91091528,9.789081497266464
2023-02-27 05:27:01+00:00,56.9076666667,-158.0535,2.42,0.82,av91091533,9.475980673610842
2023-02-27 05:57:15+00:00,56.8728333333,-158.1975,3.74,0.13,av91775466,3.7374188782672637
2023-02-27 08:17:48+00:00,56.9046666667,-158.0795,2.33,0.94,av91775586,7.8909994973605
2023-02-27 08:34:38+00:00,56.8896666667,-158.1516666667,5.39,0.91,av91091543,3.928675289717472
2023-02-27 09:01:29+00:00,56.9115,-158.045,1.15,0.26,av91775641,10.011185986186122
2023-02-27 12:21:45+00:00,56.8688333333,-158.1393333333,6.5,-0.82,av91775846,5.914327821842778
2023-02-27 12:35:33+00:00,56.9155,-158.0746666667,3.94,0.48,av91091548,8.254266102065731
2023-02-27 12:53:31+00:00,56.8458333333,-158.2011666667,2.1,0.44,av91775881,6.694806823012457
2023-02-27 13:58:32+00:00,56.9171666667,-158.0595,3.75,0.51,av91775956,9.19454290637264
2023-02-27 15:16:58+00:00,56.8723333333,-158.195,2.37,0.91,av91776016,3.8232262185576196
2023-02-27 15:18:12+00:00,56.887,-158.1611666667,6.62,-0.25,av91776021,3.5888923006559326
2023-02-27 19:20:59+00:00,56.8695,-158.2258333333,2.92,-0.06,av91776246,4.170485535220578
2023-02-27 20:37:05+00:00,56.8636666667,-158.2013333333,2.17,1.13,av91091563,4.715095144221974
2023-02-27 21:00:41+00:00,56.9088333333,-158.0688333333,-3.17,1.03,av91091573,8.546076017786234
2023-02-27 22:33:26+00:00,56.8691666667,-158.2168333333,4.12,0.28,av91776361,4.10725863829005
2023-02-27 22:59:39+00:00,56.8581666667,-158.1293333333,4.73,-0.24,av91776371,7.191998732120556
2023-02-27 23:27:29+00:00,56.9066666667,-158.0686666667,2.87,0.32,av91091578,8.550343939453812
2023-02-28 00:27:26+00:00,56.8791666667,-158.1048333333,2.23,-0.89,av91090753,7.007274660292941
2023-02-28 01:53:21+00:00,56.8915,-158.0378333333,2.26,0.25,av91091583,10.55128811547893
2023-02-28 02:09:45+00:00,56.8703333333,-158.199,4.7,0.77,av91091593,3.996252690008786
2023-02-28 02:39:11+00:00,56.9148333333,-158.0475,3.25,0.37,av91091603,9.889595846219459
2023-02-28 03:19:27+00:00,56.9473333333,-158.1456666667,8.29,0.27,av91091613,6.0219540607678015
2023-02-28 03:29:15+00:00,56.9106666667,-158.0175,-3.18,2.43,av91776541,11.67908033094865
2023-02-28 03:31:00+00:00,56.903,-158.0725,1.71,0.63,av91090828,8.322504114147504
2023-02-28 03:40:27+00:00,56.9091666667,-158.0643333333,-2.05,0.36,av91776551,8.821482955325976
2023-02-28 05:04:06+00:00,56.8875,-158.1368333333,5.23,0.99,av91091628,4.8470767498777505
2023-02-28 06:26:47+00:00,56.8763333333,-158.1516666667,1.9,1.38,av91091638,4.793577639245122
2023-02-28 08:20:56+00:00,56.9118333333,-158.0361666667,-1.6,2.55,av91091643,10.55054552141657
2023-02-28 11:40:43+00:00,56.9166666667,-158.049,3.53,1.44,av91091498,9.821518256326026
2023-02-28 11:42:47+00:00,56.9043333333,-158.0683333333,2.11,0.68,av91777026,8.571930875493127
2023-02-28 11:43:39+00:00,56.904,-158.0561666667,1.14,1.12,av91091503,9.313849588847757
2023-02-28 12:28:27+00:00,56.9045,-158.0696666667,1.16,1.2,av91777056,8.49035437323869
2023-02-28 12:42:56+00:00,56.8665,-158.2296666667,1.86,0.05,av91777071,4.554077915865295
2023-02-28 13:29:08+00:00,56.8773333333,-158.1721666667,5.07,-0.19,av91777106,3.884407721292956
2023-02-28 13:43:11+00:00,56.895,-158.0486666667,1.64,0.87,av91091653,9.843566158412795
2023-02-28 14:03:22+00:00,56.9143333333,-158.0445,3.12,0.28,av91091658,10.066077768911276
2023-02-28 14:03:37+00:00,56.9138333333,-158.0681666667,3.4,0.28,av91091663,8.6259526509254
2023-02-28 19:40:10+00:00,56.8833333333,-158.1598333333,2.73,1.77,av91777276,3.9035485571471007
2023-02-28 20:04:18+00:00,56.9038333333,-158.066,-3.11,1.76,av91777291,8.71534761468434
2023-02-28 20:20:37+00:00,56.9133333333,-158.035,2.37,1.05,av91091693,10.633137279171187
2023-02-28 20:35:21+00:00,56.9158333333,-158.0298333333,2.05,1.01,av91091703,10.971418268961727
2023-02-28 20:37:26+00:00,56.9091666667,-158.0735,4.01,0.26,av91091708,8.263561884765892
2023-02-28 21:16:28+00:00,56.8866666667,-158.1813333333,3.35,2.39,av91091713,2.7170576511052427
2023-02-28 22:00:09+00:00,56.9001666667,-158.1916666667,5.54,0.4,av91091723,1.228383239999168
2023-02-28 22:58:33+00:00,56.9038333333,-157.996,3.9,0.81,av91091728,12.979347367878258
2023-02-28 23:28:09+00:00,56.9095,-158.0506666667,2.6,0.85,av91091738,9.654878049062946
2023-02-28 23:49:31+00:00,56.905,-158.014,4.03,0.8,av91091743,11.880959037041626
2023-03-01 01:32:33+00:00,56.9075,-158.1141666667,1.52,-0.56,av91091068,5.780751495037101
2023-03-01 02:04:46+00:00,56.8903333333,-158.0911666667,-3.2,1.52,av91091088,7.38422784999976
2023-03-01 02:13:26+00:00,56.881,-158.0511666667,2.48,0.55,av91091108,10.00786977404898
2023-03-01 02:41:01+00:00,56.8821666667,-158.1495,6.82,0.24,av91091143,4.480584547839194
2023-03-01 03:48:32+00:00,56.8718333333,-158.1468333333,5.41,-0.54,av91091183,5.354016092711643
2023-03-01 04:04:15+00:00,56.9138333333,-158.0486666667,3.13,3.13,av91777821,9.80824283387609
2023-03-01 04:34:30+00:00,56.9116666667,-158.056,2.18,-0.38,av91091208,9.343758853238784
2023-03-01 04:55:55+00:00,56.9148333333,-158.0358333333,1.99,0.33,av91091213,10.596869188115596
2023-03-01 05:06:28+00:00,56.9141666667,-158.0173333333,-2.35,0.04,av91091288,11.71322057464544
2023-03-01 06:05:12+00:00,56.8733333333,-158.2143333333,4.76,-0.17,av91091313,3.6300048148417945
2023-03-01 06:33:00+00:00,56.8746666667,-158.1456666667,5.43,-0.41,av91091328,5.188551085747455
2023-03-01 07:26:51+00:00,56.8725,-158.1728333333,2.72,0.76,av91091348,4.313990352699559
2023-03-01 12:21:07+00:00,56.9066666667,-158.07,2.68,0.69,av91091383,8.469115947029524
2023-03-01 14:15:25+00:00,56.8638333333,-158.258,1.62,1.38,av91091408,5.546371184049349
2023-03-01 15:35:13+00:00,56.8723333333,-158.1805,3.2,1.17,av91091423,4.111761705388334
2023-03-01 19:29:45+00:00,56.8721666667,-158.2328333333,1.31,1.22,av91091433,4.017203675300976
2023-03-01 22:19:42+00:00,56.9025,-158.0663333333,1.22,1.14,av91091438,8.700205701771766
2023-03-02 02:59:12+00:00,56.8683333333,-158.2015,2.38,1.2,av91779026,4.197180073154901
2023-03-02 03:30:33+00:00,56.9145,-158.0493333333,4.05,2.15,av91779051,9.774792533994104
2023-03-02 05:05:58+00:00,56.8848333333,-158.0593333333,4.41,1.4,av91091228,9.415180859127458
2023-03-02 05:36:40+00:00,56.9221666667,-158.007,-1.76,1.27,av91779171,12.438535840606233
2023-03-02 08:34:38+00:00,56.918,-158.0068333333,-2.1,2.3,av91091303,12.389833482476305
2023-03-02 09:37:17+00:00,56.8771666667,-158.1766666667,3.3,0.79,av91779336,3.7483908524870806
2023-03-02 12:51:08+00:00,56.8648333333,-158.1215,0.89,1.02,av91091343,7.018694732790815
2023-03-02 18:32:33+00:00,56.907,-158.0355,2.17,1.69,av91091458,10.571272838158977
2023-03-02 19:50:56+00:00,56.876,-158.1935,1.86,1.63,av91780051,3.450321595658436
2023-03-02 20:10:17+00:00,56.8773333333,-158.1413333333,0.96,0.35,av91091463,5.201719349748989
2023-03-02 20:34:37+00:00,56.9115,-158.0476666667,2.97,0.78,av91091473,9.849062319689274
2023-03-02 20:55:32+00:00,56.9285,-158.044,5.78,0.74,av91091483,10.362722622931525
2023-03-02 23:29:45+00:00,56.87,-158.2308333333,2.95,-0.48,av91091518,4.202882754563433
2023-03-03 00:05:17+00:00,56.8701666667,-158.1856666667,2.74,1.09,av91091588,4.215246527749488
2023-03-03 02:30:23+00:00,56.8528333333,-158.0996666667,5.59,0.4,av91780496,8.900772435407273
2023-03-03 03:01:15+00:00,56.914,-158.0426666667,1.71,0.88,av91091623,10.173914900713811
2023-03-03 03:03:23+00:00,56.9071666667,-157.9976666667,0.15,1.88,av91780541,12.876280186646724
2023-03-03 03:04:55+00:00,56.8641666667,-158.1196666667,2.57,1.17,av91780546,7.1519343115285166
2023-03-03 06:49:23+00:00,56.8388333333,-158.1051666667,6.5,0.71,av91091698,9.782731340667656
2023-03-03 07:54:48+00:00,56.8658333333,-158.1478333333,2.11,1.2,av91780796,5.806063298563013
2023-03-03 07:56:04+00:00,56.8526666667,-158.1825,1.76,0.15,av91091733,6.13343330872549
2023-03-03 10:47:03+00:00,56.858,-158.2138333333,0.95,0.75,av91780926,5.331050446476112
2023-03-03 11:43:00+00:00,56.8926666667,-158.0575,2.54,0.82,av91091778,9.34698036557255
2023-03-03 12:38:07+00:00,56.9091666667,-158.0421666667,1.35,0.49,av91781046,10.170881721778784
2023-03-03 12:52:37+00:00,56.8708333333,-158.1901666667,-3.12,1.05,av91781066,4.059509514180705
2023-03-03 14:12:19+00:00,56.8863333333,-158.0495,0.3,1.06,av91781196,9.95895884563679
2023-03-03 14:47:31+00:00,56.9108333333,-158.0338333333,2.34,0.32,av91091798,10.686132269501764
2023-03-03 16:13:16+00:00,56.8875,-158.1476666667,1.0,0.02,av91091808,4.257128428268806
2023-03-03 16:28:13+00:00,56.869,-158.198,-2.82,1.24,av91091813,4.152461525164399
2023-03-03 17:39:45+00:00,56.9051666667,-158.0575,2.28,0.89,av91091818,9.23058187725138
2023-03-03 18:39:24+00:00,56.9018333333,-158.1175,1.34,0.75,av91091823,5.592464122666208
2023-03-03 20:30:32+00:00,56.9111666667,-158.0461666667,3.5,0.95,av91091833,9.937998414586652
2023-03-03 21:23:26+00:00,56.9088333333,-158.0671666667,2.56,0.62,av91091843,8.647536182193702
2023-03-03 22:05:22+00:00,56.9145,-158.0748333333,4.22,0.5,av91091848,8.230459069563466
2023-03-03 22:42:58+00:00,56.92,-158.0596666667,4.73,1.02,av91091853,9.23292064165405
2023-03-03 23:36:22+00:00,56.9208333333,-158.0808333333,4.62,1.02,av91091858,7.9845395313929215
2023-03-04 01:12:41+00:00,56.8536666667,-158.2251666667,0.88,1.04,av91091863,5.888526630559912
2023-03-04 03:53:34+00:00,56.9101666667,-158.0545,1.69,0.44,av91091888,9.425014145716275
2023-03-04 06:49:14+00:00,56.874,-158.2003333333,1.32,1.12,av91091913,3.5803643996519225
2023-03-04 07:19:28+00:00,56.8563333333,-158.215,2.51,0.71,av91781896,5.520628436629643
2023-03-04 08:19:30+00:00,56.9108333333,-158.042,2.73,-0.03,av91091943,10.18932490972058
2023-03-04 08:32:50+00:00,56.8745,-158.188,2.8,0.5,av91091948,3.713093030969808
2023-03-04 08:41:54+00:00,56.907,-158.0711666667,2.93,0.44,av91091953,8.398512726397644
2023-03-04 08:42:10+00:00,56.9086666667,-158.0796666667,3.1,-0.09,av91091958,7.885878505488178
2023-03-04 08:44:49+00:00,56.9123333333,-158.0368333333,2.63,0.27,av91091973,10.513650725403174
2023-03-04 08:45:22+00:00,56.912,-158.068,3.84,0.27,av91091983,8.617505842681712
2023-03-04 10:58:11+00:00,56.906,-158.0821666667,2.76,1.8,av91092013,7.727413807730118
2023-03-04 11:28:06+00:00,56.9135,-158.0425,2.93,0.07,av91092018,10.17925332403459
2023-03-04 12:00:46+00:00,56.8681666667,-158.2016666667,-2.73,0.19,av91092023,4.214540166642442
2023-03-04 12:12:31+00:00,56.9061666667,-158.0413333333,-1.7,0.59,av91092028,10.21522990910841
2023-03-04 12:15:24+00:00,56.9246666667,-158.067,6.01,0.18,av91092033,8.900771058901004
2023-03-04 12:15:47+00:00,56.9103333333,-158.0921666667,4.08,-0.66,av91092038,7.135594731422212
2023-03-04 16:18:08+00:00,56.8733333333,-158.2341666667,3.15,-0.31,av91092073,3.9273775433934133
2023-03-04 16:19:05+00:00,56.865,-158.1848333333,2.34,0.56,av91092078,4.7762654701362806
2023-03-04 17:15:48+00:00,56.8743333333,-158.2381666667,5.2,-0.33,av91092088,3.9292274807405834
2023-03-04 17:24:17+00:00,56.8743333333,-158.2,4.09,0.19,av91092093,3.546740826119241
2023-03-04 17:36:31+00:00,56.9143333333,-158.0531666667,3.32,0.6,av91092098,9.540604005980086
2023-03-04 19:16:27+00:00,56.8741666667,-158.1883333333,1.05,0.15,av91092108,3.741070995720655
2023-03-04 19:28:05+00:00,56.9186666667,-158.0383333333,3.17,-0.23,av91092113,10.494458177024603
2023-03-04 19:36:10+00:00,56.9163333333,-158.0858333333,4.93,0.37,av91782686,7.594087006046046
2023-03-04 19:44:23+00:00,56.9098333333,-158.069,3.41,0.1,av91092128,8.540947813969915
2023-03-04 19:53:14+00:00,56.909,-158.0855,-3.18,1.22,av91092133,7.532428976472707
2023-03-04 20:19:08+00:00,56.908,-158.0536666667,-2.8,0.4,av91092158,9.46667483731042
2023-03-04 20:45:23+00:00,56.8701666667,-158.2096666667,4.54,2.16,av91782796,3.9682600618681474
2023-03-04 20:50:55+00:00,56.8918333333,-158.1558333333,2.98,-0.5,av91782806,3.5937978304014666
2023-03-04 21:28:05+00:00,56.9226666667,-158.0291666667,1.68,0.88,av91782846,11.113851581510941
2023-03-04 21:29:13+00:00,56.9236666667,-158.0391666667,4.56,-0.22,av91782851,10.53432573130673
2023-03-04 21:37:57+00:00,56.8525,-158.1646666667,10.05,0.44,av91092193,6.521852491762301
2023-03-05 14:23:01+00:00,56.8788333333,-158.0525,1.65,1.83,av91784801,9.999841970880208
2023-03-05 19:13:23+00:00,56.912,-158.07,2.94,2.66,av91785061,8.496061983783015
2023-03-06 01:16:42+00:00,56.894,-158.1053333333,-3.2,1.94,av91092238,6.452176020195202
2023-03-07 06:18:56+00:00,56.902,-158.111,-3.17,2.61,av91787741,5.985992267870342
2023-03-08 14:47:11+00:00,56.9093333333,-158.0876666667,-3.17,1.08,av91093798,7.4024268345336806
2023-03-08 16:02:35+00:00,56.8726666667,-158.1843333333,-2.09,0.99,av91093808,3.9842292266785253
2023-03-09 11:41:30+00:00,56.898,-158.1558333333,-3.15,1.72,av91792186,3.3539748227561956
2023-03-09 12:24:10+00:00,56.8985,-158.1613333333,-3.2,1.2,av91792321,3.016024450635546
2023-03-09 12:36:09+00:00,56.9155,-158.0706666667,-3.2,1.38,av91093313,8.49590139047347
2023-03-09 13:22:40+00:00,56.8375,-157.9986666667,-3.15,1.35,av91093323,14.911840038554342
2023-03-09 15:46:12+00:00,56.869,-158.1496666667,-2.53,1.11,av91093343,5.465698610027864
2023-03-09 20:14:48+00:00,56.9245,-158.0838333333,-1.12,1.09,av91093353,7.903231299084949
2023-03-09 23:06:40+00:00,56.9081666667,-158.0428333333,-3.2,1.16,av91093358,10.12691969856141
2023-03-10 06:22:08+00:00,56.8686666667,-158.1063333333,-3.18,1.14,av91093133,7.500880982178771
2023-03-10 13:50:25+00:00,56.87,-158.159,-3.15,1.58,av91093138,5.0181457270578
2023-03-10 14:10:40+00:00,56.8756666667,-158.1376666667,-3.17,1.17,av91093153,5.49209748183967
2023-03-10 14:54:32+00:00,56.9106666667,-158.1188333333,-3.15,1.15,av91093173,5.519774264819262
2023-03-10 22:13:00+00:00,56.9003333333,-158.129,-3.2,2.33,av91093363,4.912274241310306
2023-03-11 00:16:29+00:00,56.8563333333,-158.0363333333,6.25,3.05,av91797226,11.880932414044617
2023-03-11 06:58:18+00:00,56.8555,-158.063,-3.2,0.77,av91093528,10.516863454948213
2023-03-11 19:25:32+00:00,56.8891666667,-158.1743333333,-3.16,0.7,av91799236,2.8095824830964977
2023-03-12 05:44:03+00:00,56.88,-158.221,-0.42,0.44,av91800481,2.964661647430273
2023-03-12 07:51:03+00:00,56.9073333333,-158.0831666667,-3.18,0.84,av91094323,7.6682209364994876
2023-03-12 18:16:22+00:00,56.9113333333,-158.0846666667,-3.18,0.99,av91094343,7.599549815582656
2023-03-12 18:41:20+00:00,56.843,-158.0206666667,-3.18,0.26,av91094348,13.44569735427244
2023-03-12 19:45:50+00:00,56.9106666667,-158.082,-3.18,1.03,av91094353,7.75601046229483
2023-03-12 23:26:46+00:00,56.9143333333,-158.1065,-3.19,0.72,av91094368,6.316059252716246
2023-03-13 02:57:42+00:00,56.9058333333,-158.1246666667,-3.2,1.41,av91093938,5.1380620068267815
2023-03-14 19:57:48+00:00,56.9036666667,-158.1143333333,-3.2,1.77,av91805476,5.772682632266339
2023-03-14 21:54:39+00:00,56.9118333333,-158.0913333333,0.96,1.96,av91094233,7.199756113011673
2023-03-15 16:55:47+00:00,56.8713333333,-158.1848333333,-3.11,0.75,av91094413,4.111100691566998
2023-03-16 03:24:17+00:00,56.8576666667,-158.0591666667,-3.2,0.5,av91094553,10.591034095765071
2023-03-16 04:42:50+00:00,56.9043333333,-158.0938333333,-3.2,1.89,av91807401,7.018641458192234
2023-03-16 06:11:55+00:00,56.849,-158.084,-0.52,0.37,av91094598,9.904245821703565
2023-03-16 09:46:44+00:00,56.9061666667,-158.0901666667,-3.2,1.14,av91094608,7.240077012347228
2023-03-16 13:41:18+00:00,56.9003333333,-158.1161666667,-3.16,2.58,av91807866,5.6890081573574705
2023-03-16 13:46:27+00:00,56.9178333333,-158.089,-3.18,1.61,av91807871,7.431708454116824
2023-03-17 03:25:54+00:00,56.9011666667,-158.1243333333,-3.2,1.75,av91808701,5.184429144416435
2023-03-17 07:37:09+00:00,56.8735,-158.2106666667,-3.18,2.02,av91808976,3.5982943452798715
2023-03-19 07:30:37+00:00,56.8636666667,-158.107,-3.2,0.54,av91094933,7.789489154945023
2023-03-19 15:29:46+00:00,56.9041666667,-158.1438333333,-3.2,1.67,av91812281,3.9745720399135407
2023-03-19 16:17:07+00:00,56.9018333333,-158.0585,1.6,0.95,av91094938,9.180427673723834
2023-03-19 20:44:18+00:00,56.9193333333,-158.0738333333,5.69,1.37,av91812551,8.37041224149432
2023-03-19 23:11:56+00:00,56.8795,-158.139,2.86,0.39,av91094948,5.174807180107291
2023-03-19 23:56:13+00:00,56.8823333333,-157.983,3.94,0.21,av91094953,14.019212891673181
2023-03-20 01:08:55+00:00,56.8733333333,-158.1978333333,3.1,0.45,av91094973,3.6789290109828463
2023-03-20 01:12:11+00:00,56.8695,-158.1831666667,2.59,0.98,av91094978,4.338169572767125
2023-03-20 01:14:59+00:00,56.8875,-158.1976666667,-3.19,0.78,av91094983,2.1517087627847964
2023-03-20 03:40:22+00:00,56.906,-158.053,2.58,0.61,av91094988,9.504400277539597
2023-03-20 04:00:11+00:00,56.867,-158.1903333333,-1.48,0.16,av91095023,4.468003529347369
2023-03-20 06:38:12+00:00,56.8435,-158.0448333333,-0.4,0.82,av91095083,12.179315362127825
2023-03-20 07:33:00+00:00,56.914,-158.0178333333,-2.48,0.93,av91094993,11.681418340239707
2023-03-20 07:34:00+00:00,56.9091666667,-158.0575,3.35,0.91,av91094998,9.237430075866573
2023-03-20 07:42:06+00:00,56.8711666667,-158.1211666667,-3.17,1.42,av91095003,6.598259970031526
2023-03-20 08:19:43+00:00,56.919,-157.9995,-2.96,0.38,av91095113,12.846043949050351
2023-03-20 12:10:35+00:00,56.9113333333,-158.1281666667,4.56,0.38,av91095143,4.9628598063812035
2023-03-20 12:13:17+00:00,56.9051666667,-158.0691666667,2.02,-0.03,av91095148,8.519799473753213
2023-03-20 12:46:26+00:00,56.9048333333,-158.0631666667,2.42,0.77,av91813531,8.88575600009613
2023-03-20 20:16:26+00:00,56.8763333333,-158.1825,2.95,0.34,av91095013,3.6573208247522544
2023-03-20 22:45:28+00:00,56.9125,-158.0153333333,-2.41,1.17,av91095088,11.821775014083126
2023-03-20 23:00:36+00:00,56.9278333333,-158.0288333333,1.72,0.51,av91095093,11.244493003254915
2023-03-20 23:23:00+00:00,56.9076666667,-158.0188333333,-0.79,2.01,av91095098,11.587599953272962
2023-03-20 23:24:45+00:00,56.9095,-158.0461666667,-2.9,2.03,av91095103,9.928786874876964
2023-03-20 23:34:50+00:00,56.9131666667,-158.0518333333,4.04,0.49,av91813901,9.609615552972107
2023-03-21 01:18:40+00:00,56.9093333333,-158.0665,2.82,0.23,av91095203,8.690405666582047
2023-03-21 01:28:35+00:00,56.8701666667,-158.1748333333,3.79,0.15,av91095213,4.48137602711764
2023-03-21 01:31:15+00:00,56.9335,-158.0393333333,3.62,0.14,av91095223,10.783803366210682
2023-03-21 01:41:49+00:00,56.863,-158.1905,0.21,0.91,av91095228,4.897724462149271
2023-03-21 01:47:19+00:00,56.9198333333,-158.0303333333,3.3,0.37,av91095233,10.99496133674234
2023-03-21 05:32:47+00:00,56.9133333333,-158.0681666667,-3.08,0.27,av91095468,8.620413241610136
2023-03-21 08:49:59+00:00,56.9133333333,-158.0733333333,3.45,0.04,av91814141,8.307212967782295
2023-03-21 09:13:30+00:00,56.9121666667,-158.0605,-3.19,2.74,av91814161,9.074426275806328
2023-03-21 09:15:43+00:00,56.9208333333,-157.992,-0.5,2.23,av91814166,13.323794405042607
2023-03-21 09:18:04+00:00,56.9065,-158.04,1.23,0.21,av91095453,10.296631249874055
2023-03-21 09:20:35+00:00,56.8605,-158.1545,0.21,0.94,av91814171,6.040345642673686
2023-03-21 09:46:48+00:00,56.8636666667,-158.1825,4.77,0.4,av91814211,4.962190885815201
2023-03-21 10:48:12+00:00,56.9193333333,-158.0561666667,3.37,0.59,av91095428,9.430974558692911
2023-03-21 11:42:23+00:00,56.8676666667,-158.1926666667,3.77,0.12,av91095413,4.361602088685952
2023-03-21 12:39:19+00:00,56.9055,-158.0586666667,1.47,0.46,av91095398,9.159252082346542
2023-03-21 12:59:49+00:00,56.8811666667,-158.1123333333,-3.2,1.21,av91095283,6.498730143709804
2023-03-21 13:35:16+00:00,56.87,-157.991,-0.78,1.02,av91814426,13.873272128364436
2023-03-21 14:34:17+00:00,56.909,-158.0793333333,3.0,0.1,av91095363,7.907720261115635
2023-03-21 14:35:05+00:00,56.8761666667,-158.1828333333,1.16,0.49,av91095368,3.6650969955472923
2023-03-21 15:50:49+00:00,56.9203333333,-158.0398333333,3.71,0.05,av91814511,10.430901788847773
2023-03-21 17:11:13+00:00,56.8755,-158.2051666667,1.97,1.77,av91095343,3.3822244534314776
2023-03-21 18:14:28+00:00,56.9053333333,-158.0631666667,2.63,0.98,av91095333,8.88519654671521
2023-03-22 08:12:59+00:00,56.85,-158.0201666667,-2.8,1.91,av91815371,13.083131940518163
2023-03-22 08:12:59+00:00,56.8501666667,-158.0215,-3.2,1.93,av91095593,13.002773347999181
2023-03-22 16:07:20+00:00,56.9053333333,-158.0083333333,-0.91,2.33,av91815686,12.225929715351509
2023-03-22 17:14:38+00:00,56.9141666667,-158.087,6.76,0.49,av91815796,7.490269166219516
2023-03-22 17:37:00+00:00,56.9023333333,-158.184,6.19,1.12,av91815826,1.5713696011015248
2023-03-22 19:13:36+00:00,56.9248333333,-158.033,1.67,1.23,av91815931,10.927703854471153
2023-03-22 21:56:24+00:00,56.9223333333,-158.0083333333,-0.1,1.4,av91816131,12.360925658776203
2023-03-22 22:10:57+00:00,56.9156666667,-158.037,-0.7,1.14,av91816146,10.535278267071547
2023-03-23 00:04:21+00:00,56.9051666667,-158.0481666667,1.77,1.21,av91816271,9.799210096265877
2023-03-23 00:37:23+00:00,56.8956666667,-158.206,10.13,0.74,av91816306,1.1431394462715097
2023-03-23 00:38:31+00:00,56.9258333333,-158.0456666667,4.04,1.77,av91816311,10.195583844050644
2023-03-23 00:55:11+00:00,56.942,-158.0586666667,5.04,0.83,av91816336,10.002966307886949
2023-03-23 01:18:10+00:00,56.912,-158.0255,-0.14,2.2,av91816351,11.200227643811928
2023-03-23 01:18:17+00:00,56.916,-158.0106666667,-0.1,2.26,av91095678,12.135211019621577
2023-03-23 01:23:45+00:00,56.9118333333,-158.0376666667,-1.15,0.98,av91816361,10.45935157479421
2023-03-23 03:58:28+00:00,56.8645,-158.1811666667,1.55,2.0,av91816481,4.902071558022098
2023-03-23 05:29:49+00:00,56.9156666667,-158.05,3.32,1.85,av91816551,9.748018227119214
2023-03-23 05:41:44+00:00,56.923,-158.0513333333,3.13,1.25,av91816561,9.7928711224543
2023-03-23 08:40:15+00:00,56.9098333333,-158.0656666667,4.34,0.58,av91095753,8.743747796430089
2023-03-23 09:59:59+00:00,56.9171666667,-158.0983333333,5.17,0.9,av91816781,6.8592157187956895
2023-03-23 10:40:56+00:00,56.9313333333,-158.0166666667,1.47,1.13,av91816801,12.054176043998304
2023-03-23 15:06:21+00:00,56.8751666667,-158.2056666667,-3.02,2.15,av91816966,3.417308848214687
2023-03-24 00:57:08+00:00,56.872,-158.175,-1.77,1.24,av91095793,4.29671839982412
2023-03-25 06:21:27+00:00,56.9043333333,-158.0816666667,-3.2,1.36,av91818366,7.759736228152032
2023-03-25 12:20:06+00:00,56.8708333333,-158.1243333333,-3.16,1.04,av91818626,6.464939580894811
2023-03-25 12:22:35+00:00,56.8541666667,-158.0583333333,1.85,0.45,av91096028,10.836911637945917
2023-03-25 12:28:33+00:00,56.8571666667,-158.0648333333,1.69,0.38,av91096033,10.32370954454381
2023-03-25 15:56:21+00:00,56.8816666667,-158.181,5.63,2.53,av91818836,3.183451311527481
2023-03-25 16:21:59+00:00,56.8918333333,-158.074,-3.2,1.42,av91818861,8.372228188573876
2023-03-26 00:24:49+00:00,56.8575,-158.0895,-3.2,0.92,av91819336,9.055654322873691
2023-03-26 01:06:13+00:00,56.9066666667,-158.0938333333,-3.2,1.33,av91819386,7.017185824662764
2023-03-26 01:19:12+00:00,56.8736666667,-158.0518333333,-3.2,1.17,av91819396,10.226082966111536
2023-03-26 13:01:17+00:00,56.9016666667,-158.116,-3.17,1.38,av91820101,5.6850616017243345
2023-03-26 19:52:47+00:00,56.8998333333,-158.1128333333,-3.2,0.92,av91820481,5.897035084359394
2023-03-27 04:52:40+00:00,56.8998333333,-158.0745,-3.2,1.35,av91821051,8.222043225194378
2023-03-27 12:02:46+00:00,56.9058333333,-158.152,-3.17,2.02,av91821436,3.472762475769026
2023-03-27 12:11:52+00:00,56.8741666667,-158.2115,-3.2,1.36,av91821456,3.5259158453668977
2023-03-27 14:49:15+00:00,56.8541666667,-158.1355,4.31,0.46,av91096118,7.2897410877077355
2023-03-27 15:04:48+00:00,56.9001666667,-158.1045,-3.17,1.03,av91821661,6.3980372261902305
2023-03-27 23:42:28+00:00,56.8711666667,-158.2086666667,-1.4,0.8,av91822311,3.856747953586123
2023-03-28 15:26:23+00:00,56.9078333333,-158.088,-3.2,1.44,av91823141,7.375279175739402
2023-03-28 18:24:41+00:00,56.9106666667,-158.0961666667,-3.2,1.38,av91823266,6.895326703727161
2023-03-29 01:23:48+00:00,56.9165,-158.1116666667,-3.2,1.05,av91096423,6.047787802621456
2023-03-29 01:46:47+00:00,56.874,-158.1433333333,-2.45,0.4,av91096428,5.344140845552003
2023-03-29 01:59:05+00:00,56.8578333333,-158.1485,-3.2,0.84,av91823661,6.491164932967069
2023-03-29 07:29:21+00:00,56.8498333333,-158.0231666667,1.02,1.56,av91823966,12.931414275120986
2023-03-29 14:32:23+00:00,56.8856666667,-158.1103333333,-2.91,1.66,av91096338,6.417330845746035
2023-03-29 19:46:40+00:00,56.9078333333,-158.085,-3.2,0.92,av91824686,7.55796701761065
2023-03-29 22:39:05+00:00,56.909,-158.0976666667,-3.2,1.55,av91096388,6.792119300987982
2023-03-31 07:26:12+00:00,56.9011666667,-158.155,-3.2,1.74,av91827316,3.330398827558218
2023-03-31 11:29:32+00:00,56.9113333333,-158.0803333333,-3.2,1.5,av91827626,7.862701279798308
2023-04-01 16:07:51+00:00,56.85,-158.0575,8.38,2.64,av91829371,11.132612045926107
2023-04-02 11:28:04+00:00,56.8791666667,-158.1948333333,-3.17,0.8,av91830926,3.088958130250586
2023-04-02 21:46:59+00:00,56.8968333333,-158.1446666667,-3.2,0.63,av91831696,4.045192046970367
2023-04-03 16:55:06+00:00,56.9081666667,-158.0893333333,-3.2,1.47,av91832706,7.2953001084936
2023-04-03 17:19:47+00:00,56.9015,-158.1238333333,-3.18,2.64,av91832726,5.211178703893014
2023-04-04 02:26:24+00:00,56.914,-158.1253333333,-3.2,0.9,av91833311,5.178038269895838
2023-04-04 06:31:52+00:00,56.8541666667,-158.0523333333,2.29,1.73,av91096848,11.14867255379162
2023-04-04 06:32:04+00:00,56.8575,-158.062,1.94,1.74,av91833541,10.45197641091611
2023-04-04 21:33:34+00:00,56.8471666667,-158.0261666667,-3.2,1.96,av91834476,12.91930201950696
2023-04-05 00:05:26+00:00,56.8981666667,-158.0713333333,-3.18,2.18,av91834686,8.43124483574689
2023-04-05 00:12:37+00:00,56.8883333333,-158.1021666667,-3.19,0.63,av91834696,6.794752006409382
2023-04-05 06:14:30+00:00,56.8738333333,-158.194,-3.2,0.98,av91835196,3.6752760268513502
2023-04-05 08:19:33+00:00,56.863,-158.1028333333,-3.2,0.54,av91096898,8.037552057511459
2023-04-06 03:00:30+00:00,56.9195,-158.1251666667,-3.2,1.73,av91836686,5.32968191037625
2023-04-06 03:00:50+00:00,56.9053333333,-158.152,-3.2,3.3,av91836691,3.4731724943560156
2023-04-06 10:36:47+00:00,56.8731666667,-158.1241666667,1.67,1.53,av91837191,6.3200284165953144
2023-04-06 16:11:50+00:00,56.916,-158.0676666667,-3.17,1.15,av91837541,8.684252426992103
2023-04-06 19:23:19+00:00,56.8561666667,-158.2006666667,-2.5,0.83,av91837681,5.550356922895486
2023-04-07 08:12:22+00:00,56.862,-158.1365,-3.17,0.56,av91097188,6.582052767650063
2023-04-07 08:38:04+00:00,56.9026666667,-158.0953333333,-3.19,1.8,av91838346,6.93428904746091
2023-04-08 02:11:58+00:00,56.8618333333,-158.1108333333,2.58,1.27,av91839176,7.732006274969911
2023-04-10 09:24:34+00:00,56.8546666667,-158.0336666667,7.51,2.55,av91842421,12.111565150258507
2023-04-11 01:50:27+00:00,56.8596666667,-158.0445,1.72,1.72,av91843681,11.267722383553235
2023-04-13 08:01:36+00:00,56.8993333333,-158.079,-3.2,1.16,av91097448,7.953684126247955
2023-04-17 17:25:46+00:00,56.8295,-158.0045,8.01,2.05,av91097768,15.091130355411442
2023-04-18 11:00:03+00:00,56.8876666667,-158.1196666667,-3.2,0.71,av91097693,5.8064432084903626
2023-04-19 23:12:20+00:00,56.9063333333,-158.0898333333,-3.2,0.92,av91097868,7.260497066332211
2023-04-19 23:52:36+00:00,56.9083333333,-158.0423333333,-0.34,1.28,av91097863,10.157847147157817
2023-04-20 07:42:07+00:00,56.8668333333,-158.0663333333,-2.4,1.23,av91097903,9.719031712256454
2023-04-20 13:36:37+00:00,56.8596666667,-158.0098333333,-3.19,0.44,av91097948,13.183928720251481
2023-04-20 16:30:00+00:00,56.8861666667,-158.0686666667,-0.15,1.02,av91097898,8.82718236374621
2023-04-21 03:52:41+00:00,56.8903333333,-158.108,0.05,0.67,av91097998,6.391208078946145
2023-04-21 05:56:51+00:00,56.9063333333,-158.0936666667,-3.2,2.15,av91098003,7.026958554987003
2023-04-21 22:42:53+00:00,56.8766666667,-158.172,3.81,1.58,av91098068,3.951026129401041
2023-04-22 20:25:39+00:00,56.8696666667,-158.1878333333,-3.2,1.67,av91098248,4.2255254095066235
2023-04-25 16:49:44+00:00,56.8996666667,-158.0338333333,-3.2,1.75,av91098298,10.694846114952243
2023-04-25 18:43:00+00:00,56.8743333333,-158.0471666667,-2.19,1.46,av91098288,10.467847515311773
2023-04-25 21:39:08+00:00,56.9048333333,-158.0776666667,-1.78,1.79,av91098268,8.002395080338442
2023-04-26 05:12:43+00:00,56.9063333333,-158.0873333333,-3.2,2.34,av91863811,7.412805059483243
2023-04-26 05:14:55+00:00,56.9178333333,-158.1068333333,-3.2,1.31,av91098333,6.366195367632703
2023-04-26 10:49:22+00:00,56.854,-158.0445,-3.2,1.24,av91098343,11.569723404984185
2023-04-26 18:06:37+00:00,56.844,-158.0378333333,-3.2,1.58,av91098328,12.50169850808089
2023-04-27 11:21:52+00:00,56.8728333333,-158.115,-1.71,1.25,av91098408,6.804741750159045
2023-04-27 11:43:30+00:00,56.8741666667,-158.0085,-3.2,2.62,av91098403,12.718317911244599
2023-04-28 02:04:28+00:00,57.0243333333,-158.3288333333,-3.2,0.82,av91098548,15.078753662553693
2023-04-28 06:10:05+00:00,56.8751666667,-158.1223333333,-2.41,1.08,av91098588,6.288107662400168
2023-04-28 12:06:03+00:00,57.0598333333,-158.3186666667,-3.2,0.96,av91098618,18.40345234709725
2023-04-29 07:36:11+00:00,56.914,-158.1768333333,1.3,1.24,av91098718,2.161873558500737
2023-04-29 08:12:49+00:00,56.9085,-158.0918333333,-1.56,2.79,av91098723,7.144526456114152
2023-04-29 09:19:04+00:00,56.8486666667,-158.1085,0.07,1.31,av91098738,8.833274264572001
2023-04-29 14:47:31+00:00,56.8501666667,-158.1338333333,-0.8,2.27,av91867906,7.7061147590087105
2023-05-01 01:20:48+00:00,56.8246666667,-158.0328333333,-2.64,3.08,av91098683,14.038378098208062
2023-05-02 13:36:33+00:00,56.896,-158.1651666667,-3.2,1.7,av91098818,2.8852714495406158
2023-05-02 22:25:01+00:00,56.8601666667,-158.0646666667,-1.32,1.8,av91098833,10.160936594347005
2023-05-03 06:45:25+00:00,56.8961666667,-158.0891666667,-3.2,1.28,av91098873,7.380243289037709
2023-05-03 19:49:40+00:00,56.8881666667,-158.1123333333,-1.17,1.57,av91098928,6.209515821300029
2023-05-04 01:37:55+00:00,56.9025,-158.0695,-3.2,2.8,av91873141,8.50744215439771
2023-05-04 13:04:56+00:00,56.9113333333,-158.0581666667,-2.53,1.57,av91098943,9.20957420261173
2023-05-06 19:01:35+00:00,56.8731666667,-158.1768333333,-3.18,0.9,av91099283,4.129149189683567
2023-05-08 00:20:12+00:00,56.9055,-158.0721666667,-3.2,1.52,av91099333,8.33675895331167
2023-05-09 01:51:02+00:00,56.9115,-158.0178333333,-3.2,1.42,av91099453,11.663347510402168
2023-05-09 11:56:01+00:00,56.8375,-158.0478333333,-3.2,2.33,av91099438,12.427360632278486
2023-05-13 14:08:27+00:00,56.9023333333,-158.0636666667,-0.3,2.53,av91100373,8.863347503509008
2023-05-18 23:58:19+00:00,56.8965,-158.2018333333,-1.35,1.89,av91103903,1.1239335991657102
2023-05-23 02:41:16+00:00,56.943,-158.0216666667,2.06,1.95,av91099638,12.136590381586721
2023-05-24 05:22:26+00:00,56.8968333333,-158.0951666667,-3.2,3.11,av91099783,7.007702639806778
2023-05-24 09:56:36+00:00,56.9125,-158.1056666667,-3.2,1.75,av91099788,6.339146470519861
2023-06-02 11:55:40+00:00,56.889,-158.1138333333,-3.18,1.85,av91106188,6.0936768623659
2023-06-02 11:57:12+00:00,56.9138333333,-158.0856666667,-1.1,1.49,av91106193,7.5664250384885845
2023-06-02 11:57:54+00:00,56.9241666667,-158.0628333333,-3.2,1.08,av91106198,9.135019138426802
2023-06-05 09:46:28+00:00,56.8128333333,-158.0605,-3.16,1.61,av91106823,13.756253191583507
2023-06-17 22:51:33+00:00,56.848,-158.3056666667,3.59,1.11,av91107818,8.72741203933142
2023-07-06 04:47:51+00:00,56.9271666667,-158.0163333333,1.57,1.12,av91950371,11.973772976905494
2023-07-06 05:42:22+00:00,56.9235,-158.0251666667,-1.93,1.38,av91950416,11.369665756185245
2023-07-06 18:08:13+00:00,56.8508333333,-158.1208333333,4.5,0.97,av91951126,8.146333643518146
2023-07-10 14:11:57+00:00,56.9411666667,-158.031,3.99,-0.59,av91110108,11.53293259765546
2023-07-14 04:01:49+00:00,56.8436666667,-158.0998333333,5.97,-0.51,av91962541,9.601184665621277
2023-07-14 14:24:59+00:00,56.826,-158.0546666667,5.61,-0.26,av91963061,12.944844986337587
2023-07-15 09:24:11+00:00,56.868,-158.1226666667,4.72,-0.15,av91110483,6.73892231639946
2023-07-15 10:17:23+00:00,56.8693333333,-158.0851666667,5.49,0.22,av91110498,8.5713093074634
2023-07-15 13:33:36+00:00,56.812,-158.0601666667,7.11,0.2,av91964261,13.839621319504175
2023-07-15 21:54:12+00:00,56.8676666667,-158.138,7.47,0.57,av91964816,6.063269066268953
2023-07-15 22:03:31+00:00,56.84,-158.1108333333,9.91,-0.73,av91964836,9.461682105529057
2023-07-16 08:26:44+00:00,56.8993333333,-158.0218333333,-1.94,0.36,av91965646,11.426945981022827
2023-07-16 19:14:00+00:00,56.7921666667,-158.3458333333,13.19,1.05,av91966521,15.160200555559912
2023-07-17 05:53:16+00:00,56.8731666667,-158.0553333333,2.61,0.07,av91967186,10.046580256409772
2023-07-17 09:06:07+00:00,56.8616666667,-158.084,7.38,2.99,av91967346,9.067555655076001
2023-07-17 15:59:26+00:00,56.9175,-158.01,-1.49,0.34,av91967726,12.192120259361651
2023-07-17 17:59:44+00:00,56.8603333333,-158.1496666667,2.83,0.27,av91967831,6.2223937298567815
2023-07-18 16:40:51+00:00,56.8668333333,-158.0796666667,5.09,0.22,av91968911,8.999089844648507
2023-07-19 21:52:11+00:00,56.8625,-158.1808333333,4.8,0.05,av91111278,5.11839785984518
2023-07-20 00:02:26+00:00,56.8936666667,-158.0755,4.58,-0.26,av91970296,8.246335905990026
2023-07-21 06:37:21+00:00,56.8548333333,-158.1248333333,5.07,-0.01,av91111353,7.651334810503963
2023-07-21 09:09:15+00:00,56.856,-158.102,4.42,-0.11,av91971921,8.562028787264854
2023-07-21 15:36:01+00:00,56.8711666667,-158.0968333333,8.53,-0.37,av91972286,7.849745024671908
2023-07-22 03:25:59+00:00,56.9168333333,-158.2166666667,8.05,-0.13,av91972831,1.3144212983764716
2023-07-23 06:21:31+00:00,56.8585,-158.0793333333,2.33,-0.11,av91974176,9.499100137782774
2023-07-23 09:23:19+00:00,56.9183333333,-158.1,4.44,0.44,av91974301,6.7848854187261205
2023-07-23 17:03:34+00:00,56.8986666667,-158.0603333333,3.2,0.82,av91974751,9.093237585767271
2023-07-23 18:27:36+00:00,56.836,-158.267,8.9,0.77,av91974826,8.539672037746765
2023-07-24 13:41:19+00:00,56.8881666667,-158.0421666667,0.54,0.62,av91111698,10.354710939590138
2023-07-24 19:26:24+00:00,56.8501666667,-158.1251666667,2.66,0.14,av91975901,8.03161587135773
2023-07-24 20:51:11+00:00,56.8566666667,-158.0846666667,4.85,-0.18,av91975971,9.348436575895784
2023-07-25 02:24:30+00:00,56.8688333333,-158.1381666667,4.16,-0.7,av91976216,5.965594898233813
2023-07-25 04:23:13+00:00,56.863,-158.161,4.0,-1.06,av91111723,5.592666726348814
2023-07-25 04:24:01+00:00,56.8638333333,-158.12,5.09,-0.37,av91111728,7.160662551352895
2023-07-25 08:00:38+00:00,56.9065,-158.0471666667,4.48,-0.57,av91111733,9.860014881667277
2023-07-25 08:01:15+00:00,56.9091666667,-158.0496666667,-3.03,-0.71,av91976496,9.714285336083346
2023-07-25 08:05:02+00:00,56.9245,-158.0555,4.83,-0.84,av91976501,9.578840508304454
2023-07-25 12:12:42+00:00,56.9553333333,-158.1005,6.51,-0.53,av91976696,8.60615013958286
2023-07-25 12:36:17+00:00,56.8495,-158.1713333333,13.47,-0.35,av91976721,6.676839024151691
2023-07-25 12:44:35+00:00,56.843,-158.12,15.94,-0.3,av91976726,8.851962297566816
2023-07-25 12:47:58+00:00,56.8506666667,-158.1626666667,17.16,-0.67,av91976731,6.758265564071891
2023-07-25 13:18:07+00:00,56.8596666667,-158.1435,1.89,-0.71,av91976746,6.506663075678184
2023-07-25 13:31:36+00:00,56.9018333333,-158.1166666667,5.62,-0.25,av91976751,5.643080973583252
2023-07-25 15:18:29+00:00,56.8481666667,-158.1153333333,5.16,-0.78,av91976891,8.591054474103878
2023-07-25 19:36:39+00:00,56.9163333333,-158.0075,4.78,-0.51,av91977061,12.330703289571089
2023-07-26 02:22:47+00:00,56.904,-158.0741666667,1.39,-0.25,av91977366,8.217449985005027
2023-07-26 03:01:53+00:00,56.854,-158.1448333333,3.04,-0.18,av91977391,6.969803477657022
2023-07-26 08:32:19+00:00,56.9126666667,-158.0668333333,5.02,-0.5,av91977631,8.694490710175858
2023-07-26 15:27:39+00:00,56.8748333333,-158.0551666667,5.15,-0.5,av91977951,9.990285639124675
2023-07-26 18:35:27+00:00,56.8561666667,-158.0621666667,4.69,-0.69,av91978136,10.520640423841437
2023-07-26 19:26:34+00:00,56.8773333333,-158.0776666667,4.42,0.29,av91978191,8.609449476962281
2023-07-26 19:32:19+00:00,56.875,-158.0471666667,4.5,0.31,av91978206,10.44314795418482
2023-07-26 23:41:58+00:00,56.9106666667,-158.0781666667,4.02,1.09,av91978446,7.988989368235022
2023-07-27 13:10:03+00:00,56.8701666667,-158.0828333333,4.04,-0.29,av91979366,8.653806459566178
2023-07-27 17:50:30+00:00,56.9041666667,-158.0728333333,3.19,2.83,av91111838,8.29821615409678
2023-07-27 17:58:44+00:00,56.9063333333,-158.0753333333,5.57,-0.03,av91979641,8.143885990051388
2023-07-27 21:33:25+00:00,56.9005,-158.0871666667,5.05,0.45,av91979936,7.4467251392123295
2023-07-27 22:48:58+00:00,56.9015,-158.0728333333,5.0,0.43,av91980026,8.310325013304421
2023-07-28 00:08:25+00:00,56.8675,-158.0363333333,4.85,0.36,av91980146,11.356508193081623
2023-07-28 17:09:08+00:00,56.886,-158.1403333333,7.48,-0.57,av91981281,4.730008360000364
2023-07-28 17:20:44+00:00,56.8658333333,-158.0805,5.38,0.38,av91112023,9.009200305461611
2023-07-30 02:19:01+00:00,56.863,-158.0615,4.71,0.32,av91983276,10.176736060333672
2023-07-30 02:28:31+00:00,56.8716666667,-158.0691666667,3.19,0.89,av91983281,9.332454243226124
2023-07-31 10:39:18+00:00,56.8896666667,-158.0485,2.03,-0.08,av91112218,9.944307074331677
2023-07-31 15:33:47+00:00,56.9075,-158.0618333333,-3.2,0.24,av91985671,8.968017957242234
2023-07-31 22:14:18+00:00,56.8628333333,-158.1438333333,2.03,-0.35,av91986141,6.218894731910926
2023-07-31 23:01:13+00:00,56.8541666667,-158.1528333333,5.13,-0.03,av91112293,6.692237003144349
2023-08-01 01:29:03+00:00,56.8691666667,-158.0956666667,3.96,0.36,av91112303,8.02284153673843
2023-08-01 15:36:14+00:00,56.8791666667,-158.073,2.67,0.02,av91987346,8.803462865700157
2023-08-02 06:03:34+00:00,56.9275,-158.0016666667,5.58,0.07,av91988006,12.85737355112842
2023-08-02 12:51:46+00:00,56.9106666667,-158.059,1.87,-0.67,av91988266,9.154307407417441
2023-08-02 12:59:26+00:00,56.9171666667,-158.0891666667,3.89,-0.54,av91988281,7.408742350394715
2023-08-02 13:20:03+00:00,56.899,-158.0298333333,3.31,0.52,av91988306,10.943065520085778
2023-08-03 07:35:35+00:00,56.8385,-158.071,4.06,0.5,av91988981,11.268659641154974
2023-08-03 10:01:05+00:00,56.924,-158.025,1.07,-0.72,av91112433,11.389366390265621
2023-08-03 17:58:37+00:00,56.9263333333,-158.018,3.16,0.01,av91989406,11.85618178684026
2023-08-04 08:24:30+00:00,56.8916666667,-158.077,5.7,-0.09,av91990096,8.196230915142966
2023-08-04 08:45:02+00:00,56.845,-158.1566666667,1.68,0.17,av91990106,7.484848281925282
2023-08-05 03:36:04+00:00,56.8566666667,-158.2146666667,3.79,1.24,av91990881,5.482273230861452
2023-08-07 05:41:24+00:00,56.9008333333,-158.0565,4.12,0.52,av91112583,9.308222575605894
2023-08-07 10:59:28+00:00,56.869,-158.0638333333,3.24,0.54,av91993581,9.75157371313007
2023-08-07 12:29:56+00:00,56.8906666667,-158.0218333333,-1.17,1.16,av91993641,11.529380081612498
2023-08-07 16:24:46+00:00,56.9308333333,-158.0548333333,4.25,0.5,av91993806,9.79463882643847
2023-08-08 02:53:01+00:00,56.9215,-158.007,2.27,0.58,av91994431,12.427983484848738
2023-08-10 07:56:05+00:00,56.8605,-158.1701666667,4.94,0.4,av91112738,5.5723901591727305
2023-08-11 05:29:33+00:00,56.8871666667,-158.1358333333,4.07,0.06,av91113153,4.918000270367475
2023-08-11 08:13:52+00:00,56.85,-158.0576666667,2.5,0.08,av91113163,11.124181863872932
2023-08-14 21:56:59+00:00,56.8875,-158.076,0.48,1.0,av92001621,8.357352965370398
2023-08-15 03:22:30+00:00,56.8805,-158.127,2.03,0.44,av91113378,5.737021841042211
2023-08-15 04:14:21+00:00,56.8788333333,-158.1183333333,3.65,0.11,av91113393,6.2891544958786785
2023-08-15 04:26:13+00:00,56.9146666667,-158.0676666667,3.35,0.87,av92002041,8.666235044726564
2023-08-15 04:26:25+00:00,56.9138333333,-158.0548333333,-1.04,1.18,av91113403,9.434203246956494
2023-08-15 04:44:53+00:00,56.9245,-158.078,3.87,-0.37,av92002061,8.246517720880522
2023-08-15 15:34:02+00:00,56.9178333333,-158.0081666667,8.01,0.14,av92002741,12.30709804957514
2023-08-15 18:55:15+00:00,56.9191666667,-158.0473333333,-3.14,0.25,av92003021,9.959741100770325
2023-08-15 21:21:31+00:00,56.9366666667,-157.9876666667,-2.98,1.54,av92003231,13.910662354763547
2023-08-16 00:36:49+00:00,56.9175,-158.0353333333,4.48,0.7,av92003516,10.659025859796493
2023-08-16 01:19:33+00:00,56.926,-157.9771666667,5.58,0.85,av92003576,14.298821989034808
2023-08-17 20:07:12+00:00,56.8933333333,-158.0126666667,-1.7,1.61,av92006616,12.044001942358033
2023-08-17 21:24:19+00:00,56.89,-158.0165,3.18,0.53,av91113708,11.861874618089665
2023-08-17 23:47:31+00:00,56.8548333333,-158.0665,2.81,0.66,av92006736,10.377368131261706
2023-08-18 12:41:43+00:00,56.8545,-158.1245,7.79,0.25,av92007461,7.692519531193903
2023-08-20 01:05:44+00:00,56.8115,-158.1923333333,6.44,0.8,av92009971,10.550101086776667
2023-08-20 16:54:34+00:00,56.9206666667,-158.0126666667,3.5,1.18,av92011031,12.073398559000388
2023-08-21 02:02:07+00:00,56.8958333333,-158.0753333333,13.24,-0.59,av92011561,8.220083393810786
2023-08-21 05:20:46+00:00,56.9093333333,-158.0903333333,1.27,-0.85,av91113843,7.240200980773179
2023-08-21 18:20:40+00:00,56.9171666667,-158.0178333333,-2.67,-0.15,av92013351,11.713770225832164
2023-08-22 11:47:54+00:00,56.8285,-158.1471666667,5.33,-0.2,av92014826,9.397760839706885
2023-08-22 19:50:55+00:00,56.8638333333,-158.0921666667,2.53,-0.18,av92015721,8.51849201559364
2023-08-23 03:52:28+00:00,56.9128333333,-158.0531666667,5.98,0.09,av92016746,9.525606698794608
2023-08-29 07:33:31+00:00,56.9071666667,-158.0641666667,2.77,0.81,av92023936,8.825214740580648
2023-08-29 09:59:05+00:00,56.871,-158.0643333333,1.65,0.45,av92024051,9.631969257198532
2023-08-30 05:30:35+00:00,56.9098333333,-158.0705,3.12,0.31,av92024696,8.449692120490667
2023-09-06 20:32:24+00:00,56.9025,-158.1011666667,1.09,0.52,av92032801,6.580374163642088
2023-09-09 11:51:21+00:00,56.9041666667,-158.0481666667,5.13,-0.03,av91115428,9.800775109100128
2023-09-12 21:27:05+00:00,56.9241666667,-158.0173333333,1.56,1.3,av91115643,11.852350238427375
2023-09-13 12:26:07+00:00,56.9441666667,-158.0501666667,3.97,-0.27,av91115848,10.573674859769135
2023-09-15 03:01:58+00:00,56.851,-158.1375,3.82,0.33,av92045406,7.499562018866946
2023-09-19 06:27:52+00:00,56.9445,-158.0263333333,3.87,0.76,av92050226,11.928989575354127
2023-09-20 12:50:34+00:00,56.8738333333,-158.0601666667,4.0,0.6,av92051696,9.74506918064265
2023-09-21 10:29:52+00:00,56.8765,-158.0948333333,3.99,1.07,av92052586,7.685383154010231
2023-09-23 09:36:56+00:00,56.909,-158.0006666667,3.07,0.11,av91116583,12.697297758920842
2023-09-23 09:38:39+00:00,56.9268333333,-158.056,4.62,0.94,av92054831,9.608843841177347
2023-09-24 17:47:35+00:00,56.9333333333,-158.0161666667,2.3,-0.59,av92056801,12.13780372271753
2023-09-25 00:46:00+00:00,56.9411666667,-158.0095,-1.24,1.34,av92057216,12.771335436754647
2023-09-25 00:50:47+00:00,56.9415,-157.9975,1.22,1.12,av92057221,13.479214329529732
2023-09-25 18:55:13+00:00,56.881,-158.1506666667,5.6,0.01,av92057861,4.501791061019471
2023-09-29 16:18:45+00:00,56.9326666667,-158.0121666667,1.45,-0.61,av91117088,12.355586300569854
2023-10-02 09:03:58+00:00,56.9411666667,-158.0175,-3.12,1.96,av92070191,12.308820738861272
2023-10-04 12:26:26+00:00,56.884,-158.1326666667,1.58,0.69,av92073076,5.247330799924022
2023-10-04 17:50:36+00:00,56.8675,-158.2115,1.69,0.66,av92073646,4.267727066155247
2023-10-07 15:53:43+00:00,56.9353333333,-158.0108333333,-1.32,1.32,av92076541,12.508746449599185
2023-10-07 20:39:21+00:00,56.9326666667,-157.9933333333,3.99,-0.65,av91117738,13.471334618234144
2023-10-13 06:35:00+00:00,56.8648333333,-158.2446666667,1.12,-0.39,av91118223,5.053575921230918
2023-10-17 08:55:13+00:00,56.8761666667,-158.0956666667,3.98,0.78,av92085821,7.655381712487314
2023-10-17 09:18:16+00:00,56.9046666667,-158.0478333333,5.58,0.76,av92085851,9.820141628591681
